,kNN,SVM,Gaussian-NB,LDA,DT
RlfF,0.7677259257114093,0.7767121129241004,0.7833107460963544,0.7594939276132998,0.8032728652413031
MSurf,0.7622782959598154,0.7838177302054786,0.8034666523962288,0.7995055265970141,0.7788656017713447
IRlf,0.7993099460081704,0.7851722582846877,0.4992805521478305,0.8041518364325998,0.8540013873876402
LHRlf,0.771496939490976,0.7863610642431059,0.770874930869542,0.7886154628363862,0.7907008734135522
RFGini,0.8010284288324055,0.7827233222632322,0.4993584762497552,0.8307946854944007,0.7755437970485021
MI,0.7976471037691217,0.7786391596753437,0.5725282530638451,0.757724317879847,0.7877486083574678
mRMR,0.7931879329452791,0.8136714438530446,0.5143272540898579,0.756642319537397,0.7763661527006029
FT,0.7752622800813694,0.7651016263572934,0.7932545788755166,0.7915043960034333,0.792185379312036
PDE-S,0.786793662972265,0.7850765643419936,0.8008814434820806,0.746214038931703,0.8049025068860038
